experiment	strain_type
SRX3573046	PAO1
SRX3573044	PAO1
SRX5187184	PAO1
SRX5187185	PAO1
SRX5187186	PAO1
SRX5187187	PAO1
SRX5187188	PAO1
SRX5187189	PAO1
SRX4641866	PA14
SRX4641865	PA14
SRX4641864	PA14
SRX4641863	PA14
SRX4641862	PA14
SRX4641861	PA14
SRX4641860	PA14
SRX4641859	PA14
SRX4641858	PA14
SRX4641857	PA14
SRX4641856	PA14
SRX4641855	PA14
SRX4641854	PA14
SRX3539745	PAO1
SRX3539739	PAO1
SRX3539738	PAO1
SRX4579961	PAO1
SRX4579962	PAO1
SRX4579963	PAO1
SRX4579964	PAO1
SRX4579965	PAO1
SRX4579966	PAO1
SRX5099522	PA14
SRX5099523	PA14
SRX5099524	PA14
SRX5096111	PAO1
SRX5096112	PAO1
SRX5096113	PAO1
SRX5096114	PAO1
SRX5096115	PAO1
SRX5096116	PAO1
SRX5096117	PAO1
SRX5096118	PAO1
SRX4990983	PAO1
SRX4624098	PA14
SRX4624096	PA14
SRX4624097	PA14
SRX4624095	PA14
ERX2068556	PAO1
ERX2068557	PAO1
ERX2068558	PAO1
ERX2068559	PAO1
ERX2068560	PAO1
ERX2068561	PAO1
SRX4599510	PA14
SRX5000017	PAO1
SRX5000018	PAO1
SRX5000019	PAO1
SRX5000020	PAO1
SRX5000021	PAO1
SRX5000022	PAO1
SRX5000023	PAO1
SRX5000025	PAO1
SRX5000026	PAO1
SRX5000027	PAO1
SRX5000028	PAO1
SRX5000029	PAO1
SRX5000030	PAO1
SRX5000031	PAO1
SRX5000032	PAO1
SRX5000033	PAO1
SRX5000034	PAO1
SRX5000036	PAO1
SRX4884852	PAO1
SRX4884853	PAO1
SRX4884854	PAO1
SRX4884855	PAO1
SRX4884856	PAO1
SRX4884857	PAO1
SRX4884858	PAO1
SRX4884859	PAO1
SRX4884860	PAO1
SRX4884861	PAO1
ERX2456851	PAO1
ERX2456852	PAO1
ERX2456853	PAO1
ERX2456856	PAO1
ERX2456857	PAO1
ERX2456858	PAO1
SRX4774141	PAO1
SRX4774142	PAO1
SRX4774143	PAO1
SRX4774144	PAO1
SRX4774145	PAO1
SRX4774146	PAO1
SRX4774147	PAO1
SRX4774148	PAO1
SRX4905916	PA14
SRX4905917	PA14
SRX4905918	PA14
SRX4905919	PA14
SRX4905920	PA14
SRX4905921	PA14
SRX4905922	PA14
SRX4905923	PA14
SRX4905924	PA14
SRX4905925	PA14
SRX4905926	PA14
SRX4804439	PAO1
ERX3325033	PAO1
ERX3325034	PAO1
ERX3325035	PAO1
ERX3325036	PAO1
ERX3325037	PAO1
ERX3325038	PAO1
ERX2326463	PA14
ERX2326464	PA14
ERX2326467	PA14
ERX2326468	PA14
SRX4990982	PAO1
SRX3449588	PAO1
SRX3449589	PAO1
SRX3449590	PAO1
SRX3449603	PAO1
SRX3449604	PAO1
SRX3449605	PAO1
SRX5003358	PAO1
SRX5003357	PAO1
SRX5004144	PAO1
SRX5004143	PAO1
SRX5004142	PAO1
SRX5004141	PAO1
SRX396858	PA14
SRX8862509	PAO1
SRX8862510	PAO1
SRX8862511	PAO1
SRX8862514	PAO1
SRX8862515	PAO1
SRX8862516	PAO1
SRX8862518	PAO1
SRX8862523	PAO1
SRX6923935	PAO1
SRX7874206	PAO1
SRX7874205	PAO1
SRX7874204	PAO1
SRX7058493	PAO1
SRX6981189	PAO1
SRX7036368	PA14
SRX7036377	PA14
SRX7747528	PAO1
SRX8862512	PAO1
SRX8862513	PAO1
SRX8862517	PAO1
SRX8862519	PAO1
SRX8862520	PAO1
SRX8862521	PAO1
SRX8862522	PAO1
SRX8862524	PAO1
SRX7940213	PAO1
SRX7940214	PAO1
SRX7940215	PAO1
SRX7940216	PAO1
SRX7940217	PAO1
SRX7940218	PAO1
SRX8481170	PA14
SRX8481169	PA14
SRX8481168	PA14
SRX8481167	PA14
SRX8481166	PA14
SRX8481165	PA14
SRX8481164	PA14
SRX8481163	PA14
SRX8481162	PA14
SRX8481161	PA14
SRX8481160	PA14
SRX8481159	PA14
SRX9024459	PA14
SRX9024460	PA14
SRX9024461	PA14
SRX9024462	PA14
SRX9024463	PA14
SRX9024464	PA14
SRX9024465	PA14
SRX9024466	PA14
SRX9024467	PA14
SRX9024468	PA14
SRX9024469	PA14
SRX9024470	PA14
SRX9024471	PA14
SRX9024472	PA14
ERX3834789	PAO1
ERX3834790	PAO1
ERX3834791	PAO1
ERX3834792	PAO1
ERX3834793	PAO1
ERX3834794	PAO1
ERX3834795	PAO1
ERX3834796	PAO1
ERX3834797	PAO1
SRX8180521	PA14
SRX8180522	PA14
SRX8180523	PA14
SRX8180524	PA14
SRX8180525	PA14
SRX8180526	PA14
SRX8875459	PAO1
SRX6478151	PAO1
SRX5572889	PA14
SRX6867889	PA14
SRX6747267	PAO1
SRX540109	PAO1
SRX1411284	PAO1
SRX7442751	PAO1
SRX5572474	PAO1
SRX5728480	PAO1
SRX7036375	PA14
SRX6867894	PA14
SRX6747261	PAO1
SRX6747953	PAO1
SRX6923946	PAO1
SRX1411287	PAO1
SRX396856	PA14
SRX7442761	PAO1
SRX5620830	PA14
SRX9288333	PAO1
SRX691231	PA14
SRX1177863	PA14
SRX1737662	PAO1
SRX1177870	PA14
SRX7044146	PAO1
SRX5534352	PAO1
SRX5534366	PAO1
SRX5534379	PAO1
SRX7442753	PAO1
SRX6976949	PAO1
SRX7747539	PAO1
SRX6923921	PAO1
SRX383861	PAO1
SRX5728477	PAO1
SRX5534368	PAO1
SRX1411288	PAO1
SRX5572894	PA14
SRX9288351	PAO1
SRX5572896	PA14
SRX5572884	PA14
SRX6352904	PAO1
SRX6437689	PA14
SRX6747268	PAO1
SRX5620824	PA14
SRX5728479	PAO1
SRX540113	PAO1
SRX5860643	PAO1
SRX7058505	PAO1
SRX1491236	PAO1
SRX1853534	PAO1
SRX7113190	PAO1
SRX7113189	PAO1
SRX8044219	PAO1
SRX8044220	PAO1
SRX8044221	PAO1
SRX8044222	PAO1
SRX8044223	PAO1
SRX8044224	PAO1
SRX8044225	PAO1
SRX8044226	PAO1
SRX8044227	PAO1
SRX8044228	PAO1
SRX8044229	PAO1
SRX8044230	PAO1
SRX8044231	PAO1
SRX8044232	PAO1
SRX8044233	PAO1
SRX8044234	PAO1
SRX8044235	PAO1
SRX8044236	PAO1
SRX8639785	PAO1
SRX8639786	PAO1
SRX8639787	PAO1
SRX8639788	PAO1
SRX8639789	PAO1
SRX8639790	PAO1
SRX8639791	PAO1
SRX8639792	PAO1
SRX8639793	PAO1
SRX8639794	PAO1
SRX8639795	PAO1
SRX8639796	PAO1
SRX8639797	PAO1
SRX8639798	PAO1
SRX8639799	PAO1
SRX8639800	PAO1
SRX7874207	PAO1
ERX1819485	PAO1
ERX1819486	PAO1
ERX1819487	PAO1
ERX1819482	PAO1
ERX1819483	PAO1
ERX1819484	PAO1
ERX1819488	PAO1
ERX1819489	PAO1
ERX1819490	PAO1
SRX7756387	PA14
SRX7756388	PA14
SRX7756389	PA14
SRX7756390	PA14
SRX7756391	PA14
SRX7756392	PA14
SRX7756393	PA14
SRX7756394	PA14
SRX7756395	PA14
SRX7442756	PAO1
SRX6747262	PAO1
SRX7442754	PAO1
SRX5728476	PAO1
SRX9288354	PAO1
SRX9288353	PAO1
SRX9288350	PAO1
SRX9288332	PAO1
SRX1853533	PAO1
SRX8174195	PAO1
SRX8174194	PAO1
SRX8174193	PAO1
SRX8174192	PAO1
SRX8174191	PAO1
SRX8174190	PAO1
SRX8174189	PAO1
SRX8174188	PAO1
SRX8174187	PAO1
SRX7036370	PA14
SRX2159159	PAO1
SRX1150821	PA14
SRX384493	PAO1
SRX7058501	PAO1
SRX6747943	PAO1
SRX6788806	PA14
SRX5534362	PAO1
SRX6923934	PAO1
SRX7442755	PAO1
SRX671507	PAO1
SRX671508	PAO1
SRX1140450	PAO1
SRX1140451	PAO1
SRX1140452	PAO1
SRX1140453	PAO1
SRX1140454	PAO1
SRX1140455	PAO1
SRX1140456	PAO1
SRX1140457	PAO1
SRX1141087	PA14
SRX1100224	PAO1
SRX1100226	PAO1
SRX1118956	PAO1
SRX1118953	PAO1
SRX1119735	PAO1
SRX1120676	PAO1
SRX1737664	PAO1
SRX1737665	PAO1
SRX1737668	PAO1
SRX1737667	PAO1
SRX1737670	PAO1
SRX1740204	PA14
SRX1740205	PA14
SRX1740206	PA14
SRX1740207	PA14
SRX1740208	PA14
SRX1740209	PA14
SRX2159158	PAO1
SRX2159161	PAO1
SRX2159162	PAO1
SRX2159177	PAO1
SRX2159178	PAO1
ERX1517773	PAO1
ERX1517774	PAO1
SRX3641525	PA14
SRX3641526	PA14
SRX3641527	PA14
SRX3641528	PA14
SRX3641529	PA14
SRX3641530	PA14
SRX3641531	PA14
SRX3641532	PA14
SRX3641533	PA14
SRX681635	PAO1
SRX681836	PAO1
SRX681837	PAO1
SRX682369	PAO1
SRX682370	PAO1
SRX682371	PAO1
SRX2342948	PAO1
SRX2342951	PAO1
SRX2342956	PAO1
SRX2940624	PAO1
SRX2940625	PAO1
SRX2940626	PAO1
SRX2940627	PAO1
SRX2940628	PAO1
SRX2940629	PAO1
SRX2520354	PAO1
SRX2520355	PAO1
SRX2520356	PAO1
SRX2520357	PAO1
SRX2520358	PAO1
SRX2520359	PAO1
SRX2520360	PAO1
SRX1712677	PA14
SRX1712679	PA14
SRX1712681	PA14
SRX1712683	PA14
SRX1712685	PA14
SRX540111	PAO1
SRX1158866	PA14
SRX1156127	PAO1
SRX1156135	PAO1
SRX1156137	PAO1
SRX1156138	PAO1
SRX1156140	PAO1
SRX1150173	PA14
SRX1150179	PA14
SRX1150182	PA14
SRX1150183	PA14
SRX1150276	PA14
SRX1150279	PA14
SRX1150281	PA14
SRX1150355	PA14
SRX1150780	PA14
SRX1150803	PA14
SRX1150806	PA14
SRX1150822	PA14
SRX1150840	PA14
SRX1150858	PA14
SRX1150874	PA14
SRX1150932	PA14
SRX1150933	PA14
SRX1150934	PA14
SRX1150935	PA14
SRX470313	PA14
SRX470314	PA14
SRX470318	PA14
SRX470319	PA14
SRX470320	PA14
SRX470321	PA14
SRX470324	PA14
SRX470328	PA14
SRX470329	PA14
SRX470331	PA14
SRX470333	PA14
SRX470336	PA14
SRX470338	PA14
SRX470339	PA14
SRX470340	PA14
SRX470342	PA14
SRX470343	PA14
SRX470347	PA14
SRX470348	PA14
SRX470350	PA14
SRX470351	PA14
SRX470352	PA14
SRX470354	PA14
SRX470356	PA14
SRX470358	PA14
SRX470359	PA14
SRX470360	PA14
SRX470361	PA14
SRX470363	PA14
SRX470364	PA14
SRX470365	PA14
SRX470366	PA14
SRX470368	PA14
SRX470370	PA14
SRX470372	PA14
SRX470374	PA14
SRX470376	PA14
SRX470379	PA14
SRX470381	PA14
SRX470385	PA14
SRX470386	PA14
SRX470389	PA14
SRX470391	PA14
SRX470393	PA14
SRX1630362	PAO1
SRX1630372	PAO1
SRX1200232	PA14
SRX2792486	PAO1
SRX1747042	PAO1
SRX2792487	PAO1
SRX2792488	PAO1
SRX2792489	PAO1
SRX2792490	PAO1
ERX1477379	PA14
ERX1477380	PA14
ERX1477381	PA14
SRX2185321	PA14
SRX2185322	PA14
SRX2185323	PA14
SRX2185324	PA14
SRX2185325	PA14
SRX2185326	PA14
SRX2185327	PA14
SRX2185328	PA14
SRX2185329	PA14
SRX2185330	PA14
SRX2185331	PA14
SRX2185332	PA14
SRX1771584	PAO1
SRX1771585	PAO1
SRX1771586	PAO1
SRX1771587	PAO1
SRX2066786	PA14
SRX2066787	PA14
SRX540114	PAO1
SRX540115	PAO1
SRX1177852	PA14
SRX1177855	PA14
SRX1177856	PA14
SRX1177858	PA14
SRX1177859	PA14
SRX1177861	PA14
SRX1177862	PA14
SRX1177866	PA14
SRX1177867	PA14
SRX1177868	PA14
SRX1177869	PA14
SRX1491235	PAO1
SRX1491239	PAO1
SRX2181659	PAO1
SRX2181660	PAO1
SRX2181663	PAO1
SRX2181664	PAO1
SRX2181666	PAO1
SRX1516139	PAO1
SRX1516140	PAO1
SRX1516141	PAO1
SRX2255950	PAO1
SRX2255951	PAO1
SRX2255952	PAO1
SRX2255953	PAO1
SRX2255955	PAO1
SRX589549	PA14
SRX591664	PAO1
SRX591665	PAO1
SRX591666	PAO1
SRX591667	PAO1
SRX591668	PAO1
SRX591669	PAO1
SRX591670	PAO1
SRX591671	PAO1
SRX591672	PAO1
SRX591673	PAO1
SRX591674	PAO1
SRX591675	PAO1
SRX591676	PAO1
SRX591677	PAO1
SRX591678	PAO1
SRX591679	PAO1
SRX2915111	PAO1
SRX2915112	PAO1
SRX2915113	PAO1
SRX2915114	PAO1
SRX5457606	PAO1
SRX5457607	PAO1
SRX8111264	PAO1
SRX8111266	PAO1
SRX8111269	PAO1
SRX8111308	PA14
SRX8111310	PA14
SRX8111317	PA14
SRX8111319	PA14
SRX8111320	PA14
SRX8111322	PA14
SRX8111323	PA14
SRX8111325	PA14
ERX2813653	PAO1
ERX2813654	PAO1
ERX2813655	PAO1
ERX2813656	PAO1
ERX2813657	PAO1
ERX2813658	PAO1
ERX3558798	PAO1
ERX3558799	PAO1
ERX3558800	PAO1
ERX3558801	PAO1
ERX3558802	PAO1
ERX3558803	PAO1
ERX3558804	PAO1
ERX3558805	PAO1
SRX6874325	PAO1
SRX6874326	PAO1
SRX6874327	PAO1
SRX6874328	PAO1
SRX6874329	PAO1
SRX6874330	PAO1
SRX6874331	PAO1
SRX6874332	PAO1
SRX6874333	PAO1
SRX6874334	PAO1
SRX7299392	PA14
SRX8030413	PA14
SRX8030414	PA14
SRX8030415	PA14
SRX8030416	PA14
SRX8030417	PA14
SRX8030418	PA14
SRX8030419	PA14
SRX8030420	PA14
SRX8030421	PA14
SRX8030422	PA14
SRX8030423	PA14
SRX8030424	PA14
SRX8030425	PA14
SRX8030426	PA14
SRX8030427	PA14
SRX8030428	PA14
ERX3284746	PAO1
ERX3284747	PAO1
ERX3284748	PAO1
ERX3284749	PAO1
ERX3284750	PAO1
ERX3284751	PAO1
ERX3284752	PAO1
ERX3284753	PAO1
SRX8138061	PAO1
SRX8138062	PAO1
SRX8138063	PAO1
SRX8138064	PAO1
SRX8143226	PAO1
SRX8143227	PAO1
SRX8143228	PAO1
SRX8143229	PAO1
SRX8111265	PAO1
SRX8111267	PAO1
SRX8111268	PAO1
SRX8111270	PAO1
SRX8111271	PAO1
SRX8111309	PA14
SRX8111318	PA14
SRX8111321	PA14
SRX8111324	PA14
SRX8111326	PA14
SRX7299391	PA14
SRX7299396	PA14
ERX3593017	PAO1
ERX3593018	PAO1
ERX3593019	PAO1
ERX3593020	PAO1
ERX3593021	PAO1
ERX3593022	PAO1
SRX5290921	PA14
SRX5290922	PA14
SRX5290923	PAO1
SRX5290924	PAO1
SRX5457605	PAO1
SRX5457608	PAO1
SRX7299393	PA14
SRX7299394	PA14
SRX7299395	PA14
SRX7299397	PA14
SRX7299398	PA14
SRX5309394	PA14
SRX5309393	PA14
SRX5309392	PA14
SRX7423374	PA14
SRX7423375	PA14
SRX7423376	PA14
SRX7423377	PA14
SRX7423378	PA14
SRX7423379	PA14
SRX7423380	PA14
SRX7423381	PA14
SRX7423382	PA14
SRX7423383	PA14
SRX7423384	PA14
SRX7423385	PA14
SRX7423386	PA14
SRX7423387	PA14
SRX7423388	PA14
SRX7423389	PA14
SRX7423390	PA14
SRX3573048	PAO1
SRX3573047	PAO1
SRX3573045	PAO1
SRX3573043	PAO1
SRX8487079	PAO1
SRX8487078	PAO1
SRX8487077	PAO1
SRX8487076	PAO1
SRX8487075	PAO1
SRX8487074	PAO1
ERX3552239	PAO1
ERX3552240	PAO1
ERX3552241	PAO1
ERX3552242	PAO1
ERX3552243	PAO1
ERX3552244	PAO1
ERX3552245	PAO1
ERX3552246	PAO1
ERX3552247	PAO1
ERX3552248	PAO1
ERX3552249	PAO1
ERX3552250	PAO1
ERX3552251	PAO1
ERX3552252	PAO1
ERX3552253	PAO1
ERX3552254	PAO1
ERX3552255	PAO1
ERX3552256	PAO1
ERX3552257	PAO1
ERX3552258	PAO1
ERX3552259	PAO1
ERX3552260	PAO1
ERX3552261	PAO1
ERX3552262	PAO1
ERX3552263	PAO1
ERX3552264	PAO1
ERX3552265	PAO1
ERX3552266	PAO1
ERX3552267	PAO1
ERX3552268	PAO1
SRX384494	PAO1
SRX386230	PAO1
SRX386232	PAO1
SRX386233	PAO1
SRX386234	PAO1
SRX389604	PAO1
SRX389605	PAO1
SRX389627	PAO1
SRX389628	PAO1
SRX389601	PAO1
SRX885668	PA14
SRX885669	PA14
SRX885670	PA14
SRX885671	PA14
SRX885672	PA14
SRX885673	PA14
SRX885674	PA14
SRX885675	PA14
SRX885676	PA14
SRX329010	PAO1
ERX676205	PAO1
ERX676206	PAO1
ERX676207	PAO1
ERX676208	PAO1
ERX676209	PAO1
ERX676210	PAO1
ERX676211	PAO1
ERX676212	PAO1
ERX676213	PAO1
ERX676214	PAO1
ERX676215	PAO1
ERX676216	PAO1
SRX853974	PAO1
SRX853975	PAO1
SRX853976	PAO1
SRX857126	PA14
SRX857127	PA14
SRX857128	PA14
SRX857129	PA14
SRX857130	PA14
SRX857131	PA14
SRX857132	PA14
SRX857133	PA14
SRX857134	PA14
SRX857135	PA14
SRX857136	PA14
SRX857137	PA14
SRX383855	PAO1
SRX383860	PAO1
SRX1017131	PAO1
SRX1017132	PAO1
SRX1017133	PAO1
SRX1017134	PAO1
SRX1352980	PAO1
SRX1352981	PAO1
SRX1352982	PAO1
SRX1074724	PA14
SRX1074735	PA14
SRX1074739	PA14
SRX1075198	PA14
SRX1075200	PA14
SRX157660	PAO1
SRX157659	PAO1
SRX157661	PAO1
SRX157683	PAO1
SRX156386	PAO1
SRX158075	PAO1
SRX352172	PA14
SRX352173	PA14
SRX352174	PA14
SRX352175	PA14
SRX352176	PA14
SRX352177	PA14
SRX352178	PA14
SRX352179	PA14
SRX1273291	PAO1
SRX1273292	PAO1
SRX1273293	PAO1
SRX1273294	PAO1
SRX1273295	PAO1
SRX804114	PA14
SRX804115	PA14
SRX804116	PA14
SRX804117	PA14
SRX804118	PA14
SRX804119	PA14
SRX105196	PA14
SRX105199	PA14
SRX105201	PA14
SRX105202	PA14
SRX105203	PA14
SRX761422	PAO1
SRX761423	PAO1
SRX743702	PAO1
SRX752782	PAO1
SRX475880	PA14
SRX475881	PA14
SRX475882	PA14
SRX475883	PA14
SRX475884	PA14
SRX475885	PA14
SRX475886	PA14
SRX475887	PA14
SRX475888	PA14
SRX475889	PA14
SRX475890	PA14
SRX475891	PA14
SRX475892	PA14
SRX475893	PA14
SRX480719	PAO1
SRX480720	PAO1
SRX480721	PAO1
SRX480722	PAO1
SRX470315	PA14
SRX470316	PA14
SRX470317	PA14
SRX470322	PA14
SRX470323	PA14
SRX470325	PA14
SRX470326	PA14
SRX470327	PA14
SRX470330	PA14
SRX470332	PA14
SRX470334	PA14
SRX470335	PA14
SRX470337	PA14
SRX470341	PA14
SRX470344	PA14
SRX470345	PA14
SRX470346	PA14
SRX470349	PA14
SRX470353	PA14
SRX470355	PA14
SRX470357	PA14
SRX470362	PA14
SRX470367	PA14
SRX470369	PA14
SRX470371	PA14
SRX470373	PA14
SRX470375	PA14
SRX470377	PA14
SRX470378	PA14
SRX470380	PA14
SRX470382	PA14
SRX470383	PA14
SRX470384	PA14
SRX470387	PA14
SRX470388	PA14
SRX470390	PA14
SRX470392	PA14
SRX470394	PA14
SRX474118	PA14
SRX474119	PA14
SRX474120	PA14
SRX474121	PA14
SRX474122	PA14
SRX474123	PA14
SRX474124	PA14
SRX474125	PA14
SRX474126	PA14
SRX474127	PA14
SRX474128	PA14
SRX474129	PA14
SRX474130	PA14
SRX474131	PA14
SRX474132	PA14
SRX474133	PA14
SRX474134	PA14
SRX474135	PA14
SRX474136	PA14
SRX474137	PA14
SRX474138	PA14
SRX474139	PA14
SRX474140	PA14
SRX474141	PA14
SRX474142	PA14
SRX474143	PA14
SRX474144	PA14
SRX474145	PA14
SRX474146	PA14
SRX474147	PA14
SRX474148	PA14
SRX474149	PA14
SRX474150	PA14
SRX474151	PA14
SRX474152	PA14
SRX474153	PA14
SRX474154	PA14
SRX474155	PA14
SRX474156	PA14
SRX474157	PA14
SRX474158	PA14
SRX474159	PA14
SRX474160	PA14
SRX474161	PA14
SRX474162	PA14
SRX474163	PA14
SRX474164	PA14
SRX1411278	PAO1
SRX1411280	PAO1
SRX1411281	PAO1
SRX1411282	PAO1
SRX1411283	PAO1
SRX1411285	PAO1
SRX1411289	PAO1
SRX1200265	PA14
SRX1127442	PA14
SRX1127443	PA14
SRX1127444	PA14
SRX1127445	PA14
SRX1127446	PA14
SRX1127447	PA14
SRX3142374	PAO1
SRX3142373	PAO1
SRX3142372	PAO1
SRX3142371	PAO1
SRX3142370	PAO1
SRX3142369	PAO1
SRX2962082	PAO1
SRX2962081	PAO1
SRX2962080	PAO1
SRX2962079	PAO1
SRX3679615	PAO1
SRX3679616	PAO1
SRX3679617	PAO1
SRX3679618	PAO1
SRX2662717	PAO1
SRX2662718	PAO1
SRX2662719	PAO1
SRX2662720	PAO1
SRX2662721	PAO1
SRX2662722	PAO1
SRX2662723	PAO1
SRX2662724	PAO1
SRX2662725	PAO1
SRX2662726	PAO1
SRX2662727	PAO1
SRX2662728	PAO1
SRX2652926	PAO1
SRX2652927	PAO1
SRX2652928	PAO1
SRX2652929	PAO1
SRX2652930	PAO1
SRX2652931	PAO1
SRX2652932	PAO1
SRX2652933	PAO1
SRX2652934	PAO1
SRX2652935	PAO1
SRX2652936	PAO1
SRX2652937	PAO1
SRX2669083	PA14
SRX2669084	PA14
SRX2669085	PA14
SRX2669086	PA14
SRX2711962	PAO1
SRX2711963	PAO1
SRX2711964	PAO1
SRX2711965	PAO1
SRX2711966	PAO1
SRX2711967	PAO1
SRX2711974	PAO1
SRX2712087	PAO1
SRX2712091	PAO1
SRX2712093	PAO1
SRX3873877	PA14
SRX3873876	PA14
SRX3873875	PA14
SRX3873874	PA14
SRX3873873	PA14
SRX3873872	PA14
SRX4342822	PAO1
SRX4342821	PAO1
SRX4342820	PAO1
SRX4342819	PAO1
SRX4342818	PAO1
SRX4342817	PAO1
SRX4346419	PAO1
ERX2174773	PA14
ERX2174774	PA14
ERX2174775	PA14
ERX2174776	PA14
ERX2174777	PA14
ERX2174778	PA14
SRX1853292	PAO1
SRX1853532	PAO1
SRX4300141	PA14
SRX4300142	PA14
SRX4300144	PA14
SRX4300145	PA14
SRX4300146	PA14
SRX4300147	PA14
SRX4300148	PA14
SRX4300149	PA14
SRX4300150	PA14
SRX3166073	PAO1
SRX3166072	PAO1
SRX3166071	PAO1
SRX3166070	PAO1
SRX3763717	PAO1
SRX3763716	PAO1
SRX3763715	PAO1
SRX3763714	PAO1
SRX3763713	PAO1
SRX3763712	PAO1
SRX3169722	PAO1
SRX3169723	PAO1
SRX3169724	PAO1
SRX3169725	PAO1
SRX3169726	PAO1
SRX3169728	PAO1
SRX691233	PA14
SRX691234	PA14
SRX3093850	PA14
SRX3093849	PA14
SRX2508647	PAO1
SRX2508648	PAO1
SRX2508649	PAO1
SRX2508650	PAO1
SRX2508651	PAO1
SRX2508652	PAO1
SRX2508653	PAO1
SRX2508654	PAO1
SRX2508655	PAO1
ERX2259197	PAO1
ERX2259198	PAO1
ERX2259199	PAO1
ERX2259200	PAO1
SRX2520351	PAO1
SRX2520352	PAO1
SRX2520353	PAO1
SRX2549304	PA14
SRX2549303	PA14
ERX2300159	PAO1
ERX2300160	PAO1
ERX2300161	PAO1
ERX2300162	PAO1
ERX2300163	PAO1
ERX2300164	PAO1
ERX2300165	PAO1
ERX2300166	PAO1
ERX2300167	PAO1
ERX2300168	PAO1
ERX2300169	PAO1
ERX2300170	PAO1
SRX4326008	PA14
SRX4326007	PA14
SRX4326006	PA14
SRX4326005	PA14
SRX4326003	PA14
SRX2992501	PAO1
SRX4326017	PA14
SRX4326016	PA14
SRX4326015	PA14
SRX4326014	PA14
SRX4326013	PA14
SRX4326012	PA14
SRX4326011	PA14
SRX4326010	PA14
SRX4326009	PA14
SRX4326004	PA14
SRX3789430	PA14
SRX3789421	PA14
SRX3789420	PA14
SRX3789413	PA14
SRX3789411	PA14
SRX3789410	PA14
SRX3789408	PAO1
SRX3789407	PAO1
SRX3789406	PA14
SRX3789405	PA14
SRX3789404	PA14
SRX3789401	PA14
SRX3789418	PA14
SRX3789400	PA14
ERX2456848	PAO1
ERX2456849	PAO1
ERX2456850	PAO1
ERX2456854	PAO1
ERX2456855	PAO1
ERX2456859	PAO1
SRX3323668	PAO1
SRX3323667	PAO1
SRX3323666	PAO1
SRX3323665	PAO1
SRX3324112	PAO1
SRX3324113	PAO1
SRX3324114	PAO1
SRX3324115	PAO1
SRX3324116	PAO1
SRX3324117	PAO1
SRX3918611	PAO1
SRX3918612	PAO1
SRX3918613	PAO1
SRX3918614	PAO1
SRX3918615	PAO1
SRX3918616	PAO1
SRX3918617	PA14
SRX3918618	PA14
SRX3918619	PA14
SRX3918620	PA14
SRX3918621	PA14
SRX3918622	PA14
ERX2195929	PAO1
ERX2195930	PAO1
ERX2195931	PAO1
ERX2195932	PAO1
ERX2195933	PAO1
ERX2195934	PAO1
SRX5572477	PAO1
SRX6747941	PAO1
SRX5630349	PAO1
SRX5620828	PA14
SRX5620825	PA14
SRX1177860	PA14
SRX6981195	PA14
SRX6867890	PA14
SRX6747952	PAO1
SRX7058513	PAO1
SRX540112	PAO1
SRX7036367	PA14
SRX7036372	PA14
SRX7058515	PAO1
SRX7058512	PAO1
SRX7058509	PAO1
SRX7058495	PAO1
SRX6867892	PA14
SRX7058511	PAO1
SRX5728473	PAO1
SRX6478147	PAO1
SRX1100227	PAO1
SRX6579275	PA14
SRX5534355	PAO1
SRX5534375	PAO1
SRX5572468	PAO1
SRX5572887	PA14
SRX7442758	PAO1
SRX6981197	PAO1
SRX6923945	PAO1
SRX6352907	PAO1
SRX5630352	PAO1
SRX6923932	PAO1
SRX7747527	PAO1
SRX6437688	PA14
SRX6747255	PAO1
SRX6747950	PAO1
SRX6478154	PAO1
SRX7058514	PAO1
SRX7058507	PAO1
SRX7058494	PAO1
SRX1177857	PA14
SRX1156999	PA14
SRX6923943	PAO1
SRX5534354	PAO1
SRX5572888	PA14
SRX5728472	PAO1
SRX5728470	PAO1
SRX5620823	PA14
SRX6747942	PAO1
SRX6747955	PAO1
SRX6747956	PAO1
SRX5728475	PAO1
SRX5728478	PAO1
SRX6923944	PAO1
SRX6478153	PAO1
SRX9288355	PAO1
SRX7058492	PAO1
SRX5534361	PAO1
SRX5534364	PAO1
SRX5534367	PAO1
SRX5534378	PAO1
SRX6478152	PAO1
SRX6853212	PAO1
SRX1177865	PA14
SRX1150275	PA14
SRX383864	PAO1
SRX7058498	PAO1
SRX7058496	PAO1
SRX7044148	PAO1
SRX6478150	PAO1
SRX5661364	PAO1
SRX5661365	PAO1
SRX2342957	PAO1
SRX5572469	PAO1
SRX5572470	PAO1
SRX1157000	PA14
SRX1491238	PAO1
SRX7442759	PAO1
SRX5572479	PAO1
SRX5572901	PA14
SRX5572892	PA14
SRX6747946	PAO1
SRX6747949	PAO1
SRX5534358	PAO1
SRX5728481	PAO1
SRX5534349	PAO1
SRX5534373	PAO1
SRX5620826	PA14
SRX7058500	PAO1
SRX6923930	PAO1
SRX7044147	PAO1
SRX7044149	PAO1
SRX7044152	PAO1
SRX7058503	PAO1
SRX7442760	PAO1
SRX6579274	PA14
SRX9288330	PAO1
SRX5620827	PA14
SRX5860640	PAO1
SRX5572478	PAO1
SRX5572891	PA14
SRX6747258	PAO1
SRX6747944	PAO1
SRX6747954	PAO1
SRX7044151	PAO1
SRX7058497	PAO1
SRX6747958	PAO1
SRX5534369	PAO1
SRX6981196	PAO1
SRX540108	PAO1
SRX6747263	PAO1
SRX6747264	PAO1
SRX7442752	PAO1
SRX6976951	PAO1
SRX5661366	PAO1
SRX5572475	PAO1
SRX5572897	PA14
SRX6747260	PAO1
SRX6747945	PAO1
SRX6747957	PAO1
SRX5534351	PAO1
SRX5534365	PAO1
SRX5534374	PAO1
SRX7442757	PAO1
SRX7058504	PAO1
SRX5728482	PAO1
SRX7036376	PA14
SRX5534353	PAO1
SRX5534357	PAO1
SRX7747538	PAO1
SRX6976952	PAO1
SRX6981188	PAO1
SRX7044150	PAO1
SRX7058508	PAO1
SRX5728471	PAO1
SRX5728474	PAO1
SRX6352908	PAO1
SRX6478155	PAO1
SRX5534360	PAO1
SRX5572886	PA14
SRX6747947	PAO1
SRX6747948	PAO1
SRX5534363	PAO1
SRX1156136	PAO1
SRX6923942	PAO1
SRX2159157	PAO1
SRX7058499	PAO1
SRX6478148	PAO1
SRX1150809	PA14
SRX1150820	PA14
SRX2255954	PAO1
SRX1150429	PA14
SRX389626	PAO1
SRX5534356	PAO1
SRX5534370	PAO1
SRX5534371	PAO1
SRX5534372	PAO1
SRX6747951	PAO1
SRX6923933	PAO1
SRX6923929	PAO1
SRX7036373	PA14
SRX7058510	PAO1
SRX7058502	PAO1
SRX6478149	PAO1
SRX5661363	PAO1
SRX5661368	PAO1
SRX5661370	PAO1
SRX6867891	PA14
SRX6788807	PA14
SRX7058506	PAO1
SRX5572885	PA14
SRX5661369	PAO1
SRX6976950	PAO1
SRX396857	PA14
SRX105200	PA14
SRX5534350	PAO1
SRX5534376	PAO1
SRX7747537	PAO1
SRX7747540	PAO1
SRX6976953	PAO1
SRX105195	PA14
SRX105197	PA14
SRX1411279	PAO1
SRX2342947	PAO1
SRX9288334	PAO1
SRX1491237	PAO1
SRX1100225	PAO1
SRX6747265	PAO1
SRX1150778	PA14
SRX5572472	PAO1
SRX6976948	PAO1
SRX6867893	PA14
SRX1177853	PA14
SRX9288349	PAO1
SRX9288335	PAO1
SRX9370112	PAO1
SRX9370134	PAO1
SRX9370087	PAO1
SRX9370114	PAO1
SRX9370125	PAO1
SRX1411286	PAO1
SRX540110	PAO1
SRX1177871	PA14
SRX6352906	PAO1
SRX5534377	PAO1
SRX5572473	PAO1
SRX2342945	PAO1
SRX7036371	PA14
SRX7036374	PA14
SRX5860642	PAO1
SRX6437705	PA14
SRX6853215	PAO1
SRX9288337	PAO1
SRX9370110	PAO1
SRX9370126	PAO1
SRX5860646	PAO1
SRX5572476	PAO1
SRX5572900	PA14
SRX5572899	PA14
SRX5572893	PA14
SRX6853213	PAO1
SRX6853214	PAO1
SRX2159160	PAO1
SRX6352903	PAO1
SRX5572471	PAO1
SRX5572895	PA14
SRX1074702	PA14
SRX9288329	PAO1
SRX6747256	PAO1
SRX6747259	PAO1
SRX6747266	PAO1
SRX7036369	PA14
SRX9288336	PAO1
SRX5860645	PAO1
SRX5534359	PAO1
SRX5534380	PAO1
SRX5620829	PA14
SRX5630350	PAO1
SRX5630351	PAO1
SRX2181665	PAO1
SRX1150430	PA14
SRX1074666	PA14
SRX9288331	PAO1
SRX5661367	PAO1
SRX6352905	PAO1
SRX6747257	PAO1
SRX6747269	PAO1
SRX5572890	PA14
SRX5860639	PAO1
SRX9370113	PAO1
SRX9370130	PAO1
SRX396859	PA14
SRX5860641	PAO1
SRX5860644	PAO1
SRX1491234	PAO1
SRX1150126	PA14
SRX5572898	PA14
SRX9288352	PAO1
SRX9288341	PAO1
SRX7036378	PA14
SRX7044153	PAO1
SRX9370085	PAO1
SRX9370086	PAO1
SRX9370088	PAO1
SRX9370089	PAO1
SRX9370090	PAO1
SRX9370091	PAO1
SRX9370092	PAO1
SRX9370093	PAO1
SRX9370094	PAO1
SRX9370105	PAO1
SRX9370106	PAO1
SRX9370107	PAO1
SRX9370108	PAO1
SRX9370109	PAO1
SRX9370111	PAO1
SRX9370127	PAO1
SRX9370128	PAO1
SRX9370129	PAO1
SRX9370131	PAO1
SRX9370132	PAO1
SRX9370133	PAO1
